{"iterations": [1, 2, 3, 4, 5, 6, 7, 8, 9, 10], "accuracy": [48.503472405993094, 50.92398407353795, 54.35104596307042, 58.69764061664333, 57.7105616024354, 63.19569167576531, 63.755291629752236, 63.89327038400487, 67.54933919509084, 69.35489908826044], "patterns_discovered": [0, 0, 0, 0, 0, 0, 0, 0, 1, 0], "current_iteration": 10, "is_learning": false, "learned_patterns": ["Pattern 9: Champions respond 2.3x to morning offers"], "current_accuracy": 69.35489908826044}