{"iterations": [1, 2, 3, 4, 5, 6, 7, 8, 9, 10, 11, 12, 13, 14, 15, 16, 17, 18, 19, 20, 21, 22, 23, 24, 25, 26, 27, 28, 29, 30], "accuracy": [49.308617182042234, 52.93695932972428, 53.3292102297873, 58.94068917134808, 58.98715009780873, 62.23146401119236, 63.92585864778293, 64.68785931702112, 66.46218188092172, 70.88448515199529, 71.07355963894962, 71.00952207796695, 75.10100096791665, 76.45438636023447, 77.2499685309662, 78.74204772745358, 78.5939439117312, 78.65491673990167, 80.13662045426891, 79.97149102826043, 81.14358754364739, 82.9937234904462, 80.33158767622717, 82.90528581938173, 84.15951931701433, 82.67578433352234, 83.61217928875733, 84.2266589508652, 86.28200611453501, 83.95049692515262], "patterns_discovered": [], "current_iteration": 30, "is_learning": false, "learned_patterns": ["Champions prefer morning promotions (2.3x response)", "BOGO drives 45% higher weekend engagement", "Points bonus optimal for Regular segment", "Seasonal patterns boost ROI by 18%", "Email + app notifications increase response 31%", "Personalized timing improves conversion 27%"], "current_accuracy": 83.95049692515262}