{"iterations": [1, 2, 3, 4, 5, 6, 7, 8, 9, 10, 11, 12, 13, 14, 15, 16, 17, 18, 19, 20, 21, 22, 23, 24, 25, 26, 27, 28, 29, 30], "accuracy": [46.52923135160526, 50.10168579460284, 53.548282050546575, 58.30767516893666, 58.46091533464182, 61.62888381836712, 62.627080785213884, 64.38034482777839, 67.92836162675022, 68.56725564497542, 69.53127279784039, 70.9281433727674, 74.8991180880452, 73.26724419228243, 76.45183478974874, 76.15060369980294, 76.21010395891992, 78.80244392018896, 78.54500294923244, 78.83938000881952, 81.83022893517189, 82.22728898887837, 82.38077918263608, 81.01864175837294, 82.44597304906252, 84.32361790491598, 85.20736697397297, 84.97665874846773, 83.23835223812253, 86.07575141814614], "patterns_discovered": [0, 0, 0, 0, 0, 1, 0, 0, 0, 0, 1, 1, 0, 1, 0, 0, 1, 0, 1, 2, 4, 1, 3, 3, 2, 3, 2, 4, 1, 2], "current_iteration": 30, "is_learning": false, "learned_patterns": ["Pattern 6: Champions respond 2.3x to morning offers", "Pattern 11: Weekend BOGO drives 45% higher engagement", "Pattern 12: Weekend BOGO drives 45% higher engagement", "Pattern 14: Champions respond 2.3x to morning offers", "Pattern 17: Points bonus optimal for Regular segment", "Pattern 19: Points bonus optimal for Regular segment", "Pattern 20: Points bonus optimal for Regular segment", "Pattern 20: Seasonal adjustment improves ROI by 18%", "Pattern 21: Champions respond 2.3x to morning offers", "Pattern 21: Weekend BOGO drives 45% higher engagement", "Pattern 21: Points bonus optimal for Regular segment", "Pattern 21: Seasonal adjustment improves ROI by 18%", "Pattern 22: Weekend BOGO drives 45% higher engagement", "Pattern 23: Champions respond 2.3x to morning offers", "Pattern 23: Points bonus optimal for Regular segment", "Pattern 23: Seasonal adjustment improves ROI by 18%", "Pattern 24: Champions respond 2.3x to morning offers", "Pattern 24: Weekend BOGO drives 45% higher engagement", "Pattern 24: Seasonal adjustment improves ROI by 18%", "Pattern 25: Weekend BOGO drives 45% higher engagement", "Pattern 25: Seasonal adjustment improves ROI by 18%", "Pattern 26: Champions respond 2.3x to morning offers", "Pattern 26: Weekend BOGO drives 45% higher engagement", "Pattern 26: Seasonal adjustment improves ROI by 18%", "Pattern 27: Champions respond 2.3x to morning offers", "Pattern 27: Weekend BOGO drives 45% higher engagement", "Pattern 28: Champions respond 2.3x to morning offers", "Pattern 28: Weekend BOGO drives 45% higher engagement", "Pattern 28: Points bonus optimal for Regular segment", "Pattern 28: Seasonal adjustment improves ROI by 18%", "Pattern 29: Seasonal adjustment improves ROI by 18%", "Pattern 30: Points bonus optimal for Regular segment", "Pattern 30: Seasonal adjustment improves ROI by 18%"], "current_accuracy": 86.07575141814614}