month,coffee_multiplier,food_multiplier,retail_multiplier
1,1.2,1.0983227347595677,1.0
2,1.2,0.9225614429560889,1.0
3,1.0,0.9855178523486875,1.0
4,1.0,0.9761235099889595,1.0
5,1.0,1.017348747926437,1.0
6,0.8,0.9917058621622264,1.0
7,0.8,0.9640706583938075,1.0
8,0.8,1.082122039184177,1.0
9,1.0,1.0008175019900125,1.0
10,1.0,1.0609821950831386,1.0
11,1.0,1.059428232381901,1.0
12,1.2,1.0450842003447367,1.5
